Action,Timestamp,Username,Name,Amount,Date
ADD,2025-07-11 14:03:05,admin,kal,1,2025-07-11
ADD,2025-07-11 14:03:42,admin,kalyan paid,100000,2025-07-11
ADD,2025-07-11 14:06:14,admin,k,1,2025-07-11
ADD,2025-07-11 14:06:17,admin,k,1,2025-07-11
ADD,2025-07-11 14:06:19,admin,k,1,2025-07-11
ADD,2025-07-11 14:06:19,admin,k,1,2025-07-11
ADD,2025-07-11 14:06:20,admin,k,1,2025-07-11
ADD,2025-07-11 14:06:20,admin,k,1,2025-07-11
ADD,2025-07-11 14:06:20,admin,k,1,2025-07-11
ADD,2025-07-11 14:06:20,admin,k,1,2025-07-11
ADD,2025-07-11 14:06:20,admin,k,1,2025-07-11
ADD,2025-07-11 14:06:20,admin,k,1,2025-07-11
ADD,2025-07-11 14:06:21,admin,k,1,2025-07-11
ADD,2025-07-11 14:06:21,admin,k,1,2025-07-11
ADD,2025-07-11 14:06:21,admin,k,1,2025-07-11
ADD,2025-07-11 14:06:32,admin,ka,1,2025-07-11
ADD,2025-07-11 14:06:33,admin,ka,1,2025-07-11
ADD,2025-07-11 14:06:33,admin,ka,1,2025-07-11
ADD,2025-07-11 14:06:34,admin,ka,1,2025-07-11
ADD,2025-07-11 14:06:34,admin,ka,1,2025-07-11
